language,language_code,estimated_google_opportunity,image_tool_demand,competition,serp_quality,local_competitors,content_gap,implementation_complexity,priority,selected,reason
Spanish,es,Very High,Very High,Medium,Medium,iloveimg.com/es; smallseotools.com/es; convertio.co/es,High (lack of privacy-first client-side WebP and modern GeoTagger tools),Low (Latin script),P1,YES,"Largest Google-search non-English market (~500M+ speakers). High intent across Spain and LATAM for 'convertir jpg a webp' and 'comprimir fotos'. Strong opportunity to displace ad-heavy server-upload tools."
Portuguese,pt,Very High,Very High,Medium-Low,Low-Medium,iloveimg.com/pt; conversor-pdf.com; online-convert.com/pt,High (broken machine-translations on competitor sites; high demand for exact-KB compression in Brazil),Low (Latin script),P1,YES,"Massive Google search base (~250M+ speakers, especially Brazil). Huge search intent for 'converter jpg para webp' and 'reduzir tamanho de foto'. Clean native localization easily wins SERP trust."
Arabic,ar,High,High,Low-Medium,Low,iloveimg.com/ar; imagecompressor.10015.io/ar; smallseotools.com/ar,Very High (severe shortage of true RTL client-side WebP utilities and clean geotaggers),Medium (Full RTL UI required),P1,YES,"~380M+ speakers across MENA (KSA, UAE, Egypt). High demand for 'تحويل الصور الى webp' and 'ضغط الصور'. True native RTL implementation creates an unbeatable moat over Western tools that only right-align text."
Indonesian,id,High,Very High,Low-Medium,Low-Medium,iloveimg.com/id; compressjpeg.com/id; toolsonline.id,High (massive e-commerce and government portal demand for exact target KB size compression),Low (Latin script),P1,YES,"~280M+ speakers with 97%+ Google market share. Massive mobile user base searching for 'kompres foto', 'ubah jpg ke webp', and 'kompres foto 100kb/200kb'. Low local competitor sophistication."
Hindi,hi,High,High,Low,Low,smallseotools.com/hi; iloveimg.com/hi; sarkari-tools.in,High (lack of fast browser-based WebP and EXIF tools; huge student/job portal photo resizing demand),Medium (Devanagari script rendering),P1,YES,"~600M+ speakers with 98%+ Google share in India. Significant search volume for 'फोटो कम्प्रेस', 'फोटो का साइज कम करना', and 'jpg to webp converter'. Very weak SERP quality."
French,fr,Medium-High,High,High,High,iloveimg.com/fr; zapier.com/fr; journaldunet.fr,Medium (established French tech portals and mature utility competitors),Low (Latin script),P2,NO,"Strong search volume, but mature competition from established French tools and strict domestic regulatory overhead. Deferred to Wave 2."
German,de,Medium,Medium-High,High,High,chip.de; heise.de; tinypng.com/de,Low-Medium (tech-savvy audience uses English or established German tech portals),Low (Latin script),P2,NO,"High tech proficiency and strong domain authority incumbents (CHIP, Heise). English keywords frequently used directly by target audience. Deferred to Wave 2."
Turkish,tr,Medium,Medium,Medium,Low-Medium,iloveimg.com/tr; resimkucultme.com; donusturucu.com,Medium (good compression demand but smaller total commercial addressable search volume),Low (Latin script),P2,NO,"Decent search volume for 'resim sıkıştırma' and 'format dönüştürücü', but overall search volume and global reach lower than top 5. Deferred."
Japanese,ja,Medium,High,High,High,iloveimg.com/ja; syncer.jp; lab.syncer.jp,Low (highly localized domestic portals and complex kanji/kana search patterns),High (Complex vertical text and typography conventions),P3,NO,"High search volume but Yahoo Japan/Google fragmentation and dominant domestic tool ecosystems (Syncer). Requires native agency-level copywriting. Deferred."
Simplified Chinese,zh-CN,Low,Very High,High,N/A,tinypng.com; bilibili tools; local Chinese Baidu apps,N/A (Google blocked in mainland China; Googlebot cannot rank for mainland users),Medium (Simplified Chinese script),P3,NO,"Google has near 0% market share in mainland China due to firewall restrictions. Google international SEO strategy does not translate to Baidu search traffic. Rejected."
Bengali,bn,Low-Medium,Medium,Low,Low,local tech blogs,High (very few dedicated tools, but heavy reliance on English search queries),Medium (Bengali script),P3,NO,"Large population (~300M+), but overwhelming majority of technical image conversion queries are conducted in English/Hinglish-style transliteration. Deferred."
Italian,it,Low-Medium,Medium,Medium,Medium,iloveimg.com/it; compressore-immagini.it,Low-Medium (smaller total market size compared to Spanish and Portuguese),Low (Latin script),P3,NO,"Healthy search demand in Italy, but total volume and geographic reach are significantly lower than Spanish and Portuguese. Deferred to Wave 3."
