language,language_name_native,page_type,target_route,canonical_url,primary_keyword,h1_tag,title_tag,meta_description,notes
"es","Español","Core / Homepage","/es/","https://imageseo.cc/es/","herramientas seo para imagenes gratis","Herramientas SEO para Imágenes Gratuitas y 100% Privadas en el Navegador","Herramientas SEO para Imágenes Gratis y Privadas | ImageSEO","Optimiza, comprime, convierte a WebP y geolocaliza imágenes directamente en tu navegador. 100% privado, rápido y sin límites de subida en ImageSEO.cc.","Homepage hub for Spanish audience."
"es","Español","Primary Tool","/es/free-webp-converter","https://imageseo.cc/es/free-webp-converter","convertidor webp gratis","Convertidor WebP Gratis y Rápido en el Navegador","Convertidor WebP Gratis Online — Sin Límites | ImageSEO","Convierte imágenes a formato WebP moderno al instante en tu navegador. Reduce el peso de tus fotos conservando máxima calidad visual sin subir archivos a servidores.","Core WebP tool in Spanish."
"es","Español","Tool Variant","/es/jpg-to-webp","https://imageseo.cc/jpg-to-webp","convertir jpg a webp","Convertir JPG a WebP Gratis Online","Convertir JPG a WebP Online Gratis — Rápido y Privado | ImageSEO","Convierte fotos JPG a formato WebP ligero al instante. Acelera tu sitio web con compresión de última generación 100% procesada en tu navegador.","High-intent format converter."
"es","Español","Tool Variant","/es/png-to-webp","https://imageseo.cc/es/png-to-webp","convertir png a webp","Convertir PNG a WebP con Transparencia","Convertir PNG a WebP Online Gratis — Conserva Transparencia | ImageSEO","Convierte archivos PNG a WebP conservando fondos transparentes y reduciendo el tamaño del archivo hasta un 80% sin pérdida perceptible.","Transparency-focused converter."
"es","Español","Primary Tool","/es/free-geo-tagger","https://imageseo.cc/es/free-geo-tagger","geolocalizar fotos gratis","Geolocalizador de Fotos y Editor EXIF GPS Gratis","Geolocalizar Fotos Online Gratis — Editor EXIF GPS | ImageSEO","Añade coordenadas GPS y metadatos EXIF a tus fotos para potenciar el SEO local y Google Business Profile. Mapa interactivo 100% privado en el navegador.","Core Geotagging tool."
"es","Español","Primary Tool","/es/free-online-image-compressor","https://imageseo.cc/es/free-online-image-compressor","comprimir imagenes online","Compresor de Imágenes Online Gratis y Sin Límites","Compresor de Imágenes Online Gratis — Rápido y Seguro | ImageSEO","Comprime fotos JPG, PNG y WebP por lotes sin perder calidad visual. Optimización 100% local en tu navegador sin registro ni almacenamiento en servidores.","Core Compression tool."
"es","Español","Tool Variant","/es/compress-jpg","https://imageseo.cc/es/compress-jpg","comprimir jpg","Comprimir Fotos JPG Gratis Online","Comprimir JPG Online Gratis — Reduce Tamaño sin Perder Calidad | ImageSEO","Reduce el peso en KB de tus imágenes JPG manteniendo una nitidez impecable. Procesamiento por lotes instantáneo y totalmente seguro.","Dedicated JPG compression."
"es","Español","Pillar Guide Hub","/es/image-seo","https://imageseo.cc/es/image-seo","seo para imagenes","Guía Completa de SEO para Imágenes y Optimización Web","Guía Definitiva de SEO para Imágenes (2025) — Posicionamiento y Velocidad | ImageSEO","Aprende a optimizar imágenes para Google: formatos WebP, compresión sin pérdida, etiquetas alt, nombres de archivo descriptivos y geolocalización EXIF.","Educational knowledge hub."
"pt","Português","Core / Homepage","/pt/","https://imageseo.cc/pt/","ferramentas de seo para imagens","Ferramentas de SEO para Imagens Grátis e 100% Privadas","Ferramentas de SEO para Imagens Grátis e Rápidas | ImageSEO","Otimize, comprima, converta para WebP e adicione geotags às suas fotos direto no navegador. 100% privado, ilimitado e sem enviar arquivos a servidores.","Homepage hub for Portuguese audience."
"pt","Português","Primary Tool","/pt/free-webp-converter","https://imageseo.cc/pt/free-webp-converter","conversor webp gratis","Conversor WebP Grátis Online no Navegador","Conversor WebP Grátis Online — Rápido e Sem Limites | ImageSEO","Converta fotos para o formato WebP moderno instantaneamente. Reduza o peso do seu site mantendo excelente qualidade visual com processamento local seguro.","Core WebP tool in Portuguese."
"pt","Português","Tool Variant","/pt/jpg-to-webp","https://imageseo.cc/pt/jpg-to-webp","converter jpg em webp","Converter JPG em WebP Grátis Online","Converter JPG em WebP Online Grátis — Rápido e Seguro | ImageSEO","Transforme imagens JPG em WebP super leves. Melhore o Core Web Vitals e o tempo de carregamento da sua loja ou blog com processamento 100% no navegador.","High-intent format converter."
"pt","Português","Tool Variant","/pt/png-to-webp","https://imageseo.cc/pt/png-to-webp","converter png em webp","Converter PNG em WebP com Transparência","Converter PNG em WebP Online Grátis — Mantém Fundo Transparente | ImageSEO","Converta imagens PNG para WebP mantendo a transparência alfa e diminuindo drasticamente o tamanho do arquivo sem perda de nitidez.","Transparency-focused converter."
"pt","Português","Primary Tool","/pt/free-geo-tagger","https://imageseo.cc/pt/free-geo-tagger","adicionar localizacao em foto","Geotag de Fotos e Editor EXIF GPS Grátis","Adicionar Localização em Fotos Grátis — Editor EXIF GPS | ImageSEO","Insira coordenadas GPS e metadados EXIF em fotos para impulsionar o SEO local e o Perfil da Empresa no Google. Mapa interativo 100% privado.","Core Geotagging tool."
"pt","Português","Primary Tool","/pt/free-online-image-compressor","https://imageseo.cc/pt/free-online-image-compressor","comprimir fotos online","Compressor de Imagens Online Grátis e Ilimitado","Compressor de Imagens Online Grátis — Diminuir Tamanho de Fotos | ImageSEO","Comprima fotos JPG, PNG e WebP em lote mantendo alta qualidade. Ferramenta rápida, segura e sem limites de upload com processamento local no navegador.","Core Compression tool."
"pt","Português","Tool Variant","/pt/compress-jpg","https://imageseo.cc/pt/compress-jpg","comprimir jpg","Comprimir Fotos JPG Grátis Online","Comprimir JPG Online Grátis — Reduzir Tamanho de Foto | ImageSEO","Diminua o tamanho em KB de imagens JPG sem perder detalhes visuais. Processamento em lote super veloz e totalmente confidencial.","Dedicated JPG compression."
"pt","Português","Pillar Guide Hub","/pt/image-seo","https://imageseo.cc/pt/image-seo","seo para imagens","Guia Completo de SEO para Imagens e Performance Web","Guia Completo de SEO para Imagens (2025) — Otimização e Velocidade | ImageSEO","Domine a otimização de imagens para o Google: formato WebP, compressão sem perda, texto alternativo (alt), nomes de arquivo e metadados EXIF de localização.","Educational knowledge hub."
"ar","العربية","Core / Homepage","/ar/","https://imageseo.cc/ar/","أدوات سيو الصور مجانا","أدوات سيو الصور وتحسين السرعة مجانًا وبخصوصية تامة","أدوات سيو الصور وتحسين السرعة مجانًا وبخصوصية كاملة | ImageSEO","اضغط الصور، حولها إلى صيغة WebP الحديثة، وأضف إحداثيات GPS مباشرة من متصفحك. أداة مجانية 100% وبخصوصية تامة دون رفع ملفاتك إلى خوادم خارجية.","Homepage hub for Arabic audience with native RTL."
"ar","العربية","Primary Tool","/ar/free-webp-converter","https://imageseo.cc/ar/free-webp-converter","تحويل الصور الى webp","محول صور WebP مجاني وسريع في المتصفح","محول صور WebP مجاني أونلاين — بدون قيود حجم | ImageSEO","حول الصور إلى صيغة WebP فائقة الخفة على الفور. سرّع موقعك الإلكتروني مع الحفاظ على دقة وجودة الصورة بمعالجة محلية آمنة داخل متصفحك.","Core WebP tool in Arabic."
"ar","العربية","Tool Variant","/ar/jpg-to-webp","https://imageseo.cc/ar/jpg-to-webp","تحويل jpg الى webp","تحويل JPG إلى WebP مجانًا أونلاين","تحويل JPG إلى WebP أونلاين مجانًا — سريع وخاص | ImageSEO","حول صور JPG إلى WebP لتقليل حجم الصفحات وتحسين سرعة تحميل موقعك وترتيبك في محرك بحث جوجل بدون إعلانات مزعجة.","High-intent format converter."
"ar","العربية","Tool Variant","/ar/png-to-webp","https://imageseo.cc/ar/png-to-webp","تحويل png الى webp","تحويل PNG إلى WebP مع الحفاظ على الشفافية","تحويل PNG إلى WebP أونلاين مجانًا — الحفاظ على الخلفية الشفافة | ImageSEO","حول ملفات PNG إلى WebP مع الحفاظ الكامل على الخلفية الشفافة وتقليل الحجم بنسبة تصل إلى 80% لتسريع تجربة المستخدم.","Transparency-focused converter."
"ar","العربية","Primary Tool","/ar/free-geo-tagger","https://imageseo.cc/ar/free-geo-tagger","إضافة إحداثيات للصورة","إضافة إحداثيات GPS وتعديل بيانات EXIF للصور مجانًا","إضافة إحداثيات GPS للصور أونلاين مجانًا — معدل EXIF | ImageSEO","أضف إحداثيات جغرافية وبيانات الموقع لصورك لتعزيز السيو المحلي ونتائج Google Business Profile عبر خريطة تفاعلية آمنة في المتصفح.","Core Geotagging tool."
"ar","العربية","Primary Tool","/ar/free-online-image-compressor","https://imageseo.cc/ar/free-online-image-compressor","ضغط الصور مجانا","برنامج ضغط الصور أونلاين مجانًا وبلا حدود","ضغط الصور أونلاين مجانًا — تقليل حجم الصور بدون فقدان الجودة | ImageSEO","اضغط صور JPG و PNG و WebP دفعة واحدة مع الاحتفاظ بأعلى جودة بصرية. معالجة سريعة وآمنة 100% داخل المتصفح دون حفظ أي بيانات.","Core Compression tool."
"ar","العربية","Tool Variant","/ar/compress-jpg","https://imageseo.cc/ar/compress-jpg","ضغط صور jpg","ضغط صور JPG أونلاين مجانًا","ضغط صور JPG مجانًا — تصغير حجم صور JPEG | ImageSEO","قلل حجم ملفات صور JPG بالكيلوبايت مع الحفاظ على وضوح التفاصيل وسرعة الفتح على الهواتف وأجهزة الكمبيوتر.","Dedicated JPG compression."
"ar","العربية","Pillar Guide Hub","/ar/image-seo","https://imageseo.cc/ar/image-seo","تحسين سيو الصور","الدليل الشامل لتحسين سيو الصور وسرعة المواقع","دليل سيو الصور الكامل (2025) — تحسين ترتيب الصور وسرعة المواقع | ImageSEO","تعلم كيفية تصدر نتائج بحث الصور في جوجل: صيغة WebP، ضغط الصور، النص البديل Alt Text، أسماء الملفات، وإضافة بيانات الموقع الجغرافي EXIF.","Educational knowledge hub."
"id","Bahasa Indonesia","Core / Homepage","/id/","https://imageseo.cc/id/","tools seo gambar gratis","Tools SEO Gambar Gratis & 100% Privasi di Browser","Tools SEO Gambar Gratis & Kompres Foto Cepat | ImageSEO","Optimasi, kompres foto, ubah format ke WebP, dan tambahkan geotag GPS langsung di browser Anda. Cepat, tanpa batas ukuran, dan 100% aman tanpa simpan ke server.","Homepage hub for Indonesian audience."
"id","Bahasa Indonesia","Primary Tool","/id/free-webp-converter","https://imageseo.cc/id/free-webp-converter","ubah foto ke webp","Konverter WebP Gratis & Cepat di Browser","Konverter WebP Gratis Online — Ubah Gambar ke WebP | ImageSEO","Ubah gambar menjadi format WebP modern secara instan. Perkacil ukuran file gambar dan percepat loading website toko online atau blog Anda.","Core WebP tool in Indonesian."
"id","Bahasa Indonesia","Tool Variant","/id/jpg-to-webp","https://imageseo.cc/id/jpg-to-webp","ubah jpg ke webp","Ubah JPG ke WebP Gratis Online","Ubah JPG ke WebP Online Gratis — Cepat & Privasi Aman | ImageSEO","Konversi foto JPG ke WebP super ringan dalam hitungan detik. Tingkatkan performa Core Web Vitals tanpa upload file ke server eksternal.","High-intent format converter."
"id","Bahasa Indonesia","Tool Variant","/id/png-to-webp","https://imageseo.cc/id/png-to-webp","ubah png ke webp","Ubah PNG ke WebP Transparan","Ubah PNG ke WebP Online Gratis — Pertahankan Transparansi | ImageSEO","Ubah gambar PNG ke WebP dengan latar belakang transparan tetap terjaga sempurna dan ukuran file jauh lebih kecil.","Transparency-focused converter."
"id","Bahasa Indonesia","Primary Tool","/id/free-geo-tagger","https://imageseo.cc/id/free-geo-tagger","tambah lokasi foto","Geotag Foto & Edit Metadata EXIF GPS Gratis","Tambah Lokasi Foto Online Gratis — Edit EXIF GPS | ImageSEO","Tambahkan koordinat GPS dan lokasi akurat pada foto untuk memperkuat SEO lokal dan profil Google Bisnisku. Menggunakan peta interaktif yang aman di browser.","Core Geotagging tool."
"id","Bahasa Indonesia","Primary Tool","/id/free-online-image-compressor","https://imageseo.cc/id/free-online-image-compressor","kompres foto online","Kompres Foto Online Gratis & Tanpa Batas","Kompres Foto Online Gratis — Perkecil Ukuran Foto Cepat | ImageSEO","Kompres banyak foto JPG, PNG, dan WebP sekaligus tanpa mengurangi ketajaman visual. 100% diproses di browser tanpa antrean dan tanpa batas upload.","Core Compression tool."
"id","Bahasa Indonesia","Tool Variant","/id/compress-jpg","https://imageseo.cc/id/compress-jpg","kompres jpg","Kompres JPG Online Gratis","Kompres JPG Online Gratis — Perkecil Ukuran File JPG | ImageSEO","Kecilkan ukuran KB foto JPG dengan kualitas visual tetap tajam. Sangat cepat, gratis, dan menjaga privasi penuh foto Anda.","Dedicated JPG compression."
"id","Bahasa Indonesia","Pillar Guide Hub","/id/image-seo","https://imageseo.cc/id/image-seo","seo gambar website","Panduan Lengkap SEO Gambar & Optimasi Performa Web","Panduan Lengkap SEO Gambar (2025) — Cara Optimasi Gambar Website | ImageSEO","Pelajari cara optimasi gambar untuk Google: format WebP, kompresi tanpa pecah, teks alt, penamaan file ramah SEO, dan metadata lokasi geotag EXIF.","Educational knowledge hub."
"hi","हिन्दी","Core / Homepage","/hi/","https://imageseo.cc/hi/","फ्री इमेज एसईओ टूल्स","मुफ़्त इमेज एसईओ टूल्स — 100% सुरक्षित और तेज़ ब्राउज़र टूल्स","मुफ़्त इमेज एसईओ टूल्स और फोटो कम्प्रेसर | ImageSEO","ब्राउज़र में सीधे फ़ोटो कम्प्रेस करें, WebP में बदलें और GPS लोकेशन जोड़ें। 100% मुफ़्त, बिना सर्वर अपलोड और बिना किसी साइज़ लिमिट के उपयोग करें।","Homepage hub for Hindi audience."
"hi","हिन्दी","Primary Tool","/hi/free-webp-converter","https://imageseo.cc/hi/free-webp-converter","फोटो को webp में बदलें","फ़ोटो को WebP में बदलने का मुफ़्त कनवर्टर","WebP कनवर्टर मुफ़्त ऑनलाइन — इमेज को WebP में बदलें | ImageSEO","अपनी तस्वीरों को आधुनिक WebP फॉर्मेट में तुरंत बदलें। बिना क्वालिटी खोए वेबसाइट और ब्लॉग की लोडिंग स्पीड को सुपरफास्ट बनाएं।","Core WebP tool in Hindi."
"hi","हिन्दी","Tool Variant","/hi/jpg-to-webp","https://imageseo.cc/hi/jpg-to-webp","jpg से webp कन्वर्टर","JPG से WebP कनवर्टर मुफ़्त ऑनलाइन","JPG से WebP कनवर्टर ऑनलाइन — फ़ोटो का साइज़ घटाएं | ImageSEO","JPG इमेज को हल्के WebP फॉर्मेट में तुरंत बदलें। 100% सुरक्षित ब्राउज़र प्रोसेसिंग के साथ वेबसाइट रैंकिंग और स्पीड बेहतर करें।","High-intent format converter."
"hi","हिन्दी","Tool Variant","/hi/png-to-webp","https://imageseo.cc/hi/png-to-webp","png से webp कन्वर्टर","PNG से WebP कनवर्टर (पारदर्शी बैकग्राउंड के साथ)","PNG से WebP कनवर्टर ऑनलाइन मुफ़्त — पारदर्शी फ़ाइलें बनाएं | ImageSEO","PNG फ़ोटो को WebP में कन्वर्ट करें और ट्रांसपेरेंट बैकग्राउंड सुरक्षित रखते हुए फ़ाइल साइज़ 80% तक कम करें।","Transparency-focused converter."
"hi","हिन्दी","Primary Tool","/hi/free-geo-tagger","https://imageseo.cc/hi/free-geo-tagger","फोटो में लोकेशन डालना","फ़ोटो में लोकेशन डालने और EXIF GPS एडिट करने का मुफ़्त टूल","फ़ोटो में GPS लोकेशन जोड़ें — मुफ़्त EXIF जियोटैगर | ImageSEO","लोकल एसईओ और Google Business Profile के लिए फ़ोटो में सटीक GPS कोऑर्डिनेट्स और EXIF डेटा जोड़ें। इंटरएक्टिव मैप के साथ 100% सुरक्षित।","Core Geotagging tool."
"hi","हिन्दी","Primary Tool","/hi/free-online-image-compressor","https://imageseo.cc/hi/free-online-image-compressor","फोटो का साइज कम करना","फोटो का साइज कम करने का मुफ़्त ऑनलाइन टूल","फोटो का साइज कम करें — मुफ़्त इमेज कम्प्रेसर ऑनलाइन | ImageSEO","JPG, PNG और WebP तस्वीरों को एक साथ कम्प्रेस करें बिना क्लेरिटी खोए। सरकारी फॉर्म, जॉब पोर्टल और वेबसाइट के लिए तुरंत साइज़ कम करें।","Core Compression tool."
"hi","हिन्दी","Tool Variant","/hi/compress-jpg","https://imageseo.cc/hi/compress-jpg","jpg फोटो कम्प्रेस","JPG फ़ोटो कम्प्रेस करें मुफ़्त ऑनलाइन","JPG फ़ोटो कम्प्रेसर ऑनलाइन — बिना क्वालिटी खोए साइज़ घटाएं | ImageSEO","JPG इमेज का साइज़ KB में कम करें। तेज़, सुरक्षित और सीधे आपके ब्राउज़र में चलने वाला बिना किसी लिमिट का टूल।","Dedicated JPG compression."
"hi","हिन्दी","Pillar Guide Hub","/hi/image-seo","https://imageseo.cc/hi/image-seo","इमेज एसईओ क्या है","इमेज एसईओ और वेबसाइट स्पीड ऑप्टिमाइजेशन की पूरी गाइड","इमेज एसईओ गाइड (2025) — गूगल में फ़ोटो रैंक कैसे करें | ImageSEO","सिखिए गूगल सर्च में इमेज कैसे रैंक करें: WebP फॉर्मेट, इमेज कम्प्रेशन, ऑल्ट टेक्स्ट (Alt Text), सही फ़ाइल नाम और EXIF जियोटैगिंग का पूरा तरीका।","Educational knowledge hub."
